,public_id,kir2dl1,kir2dl2,kir2dl3,kir3dl1,hla_c_c1,hla_c_c2,hla_b_46_c1,hla_b_73_c1,hla_b_bw4,f_kir2dl1,f_kir2dl2_s,f_kir2dl2_w,f_kir2dl3,f_kir3dl1,f_kir_count,f_kir_score,ID,A.1,A.2,B.1,B.2,C.1,C.2,Bw4,Cw1,Cw2,KIR2DL1_t50,KIR2DL2_t50,KIR2DL3_t50,KIR3DL1_t50,KIR2DL1_func,KIR2DL2_func,KIR2DL3_func,KIR3DL1_func,KIR2DL2w_func,KIR2DL2T_func,iKIR_Count,iKIR_score
0,50001010,True,True,True,True,True,False,False,False,False,False,True,False,True,False,2,1.75,50001010,A0101,A0201,B0801,B1501,C0304,C0701,0,1,0,1,1,1,1,0,1,0.75,0,0.0,1.0,2,1.75
1,50007310,True,False,True,True,True,True,False,False,False,True,False,False,True,False,2,1.75,50007310,A0201,A3002,B1501,B1801,C0303,C0501,0,1,1,1,0,1,1,1,0,0.75,0,0.0,0.0,2,1.75
2,50008910,True,False,True,True,True,True,False,False,True,True,False,False,True,True,3,2.75,50008910,A0201,A6801,B4402,B4402,C0501,C0704,1,1,1,1,0,1,1,1,0,0.75,1,0.0,0.0,3,2.75
3,50009210,True,False,True,True,True,False,False,False,True,False,False,False,True,True,2,1.75,50009210,A0101,A0301,B0801,B5101,C0701,C0702,1,1,0,1,0,1,1,0,0,0.75,1,0.0,0.0,2,1.75
4,50009810,True,False,True,True,False,True,False,False,True,True,False,False,False,True,2,2.0,50009810,A0201,A1101,B3501,B4402,C0401,C0501,1,0,1,1,0,1,1,1,0,0.0,1,0.0,0.0,2,2.0
5,50010210,True,False,True,True,True,False,False,False,False,False,False,False,True,False,1,0.75,50010210,A0201,A0201,B1501,B1501,C0304,C0304,0,1,0,1,0,1,1,0,0,0.75,0,0.0,0.0,1,0.75
6,50011110,True,True,True,True,True,False,False,False,True,False,True,False,True,True,3,2.75,50011110,A2402,A3002,B1401,B3801,C0802,C1203,1,1,0,1,1,1,1,0,1,0.75,1,0.0,1.0,3,2.75
7,50014210,True,False,True,True,True,False,False,False,False,False,False,False,True,False,1,0.75,50014210,A0201,A2402,B1501,B4001,C0303,C0304,0,1,0,1,0,1,1,0,0,0.75,0,0.0,0.0,1,0.75
8,50014710,True,False,True,True,True,False,False,False,False,False,False,False,True,False,1,0.75,50014710,A0201,A2902,B0801,B4001,C0304,C0701,0,1,0,1,0,1,1,0,0,0.75,0,0.0,0.0,1,0.75
9,50015110,True,False,True,True,True,True,False,False,True,True,False,False,True,True,3,2.75,50015110,A0201,A1101,B4402,B5101,C0501,C1402,1,1,1,1,0,1,1,1,0,0.75,1,0.0,0.0,3,2.75
10,50015311,True,True,True,True,False,True,False,False,True,True,False,True,False,True,3,2.5,50015311,A0201,A0201,B4403,B4403,C0401,C0401,1,0,1,1,1,1,1,1,0,0.0,1,0.5,0.5,3,2.5
11,50016211,True,False,True,True,True,False,False,False,False,False,False,False,True,False,1,0.75,50016211,A0201,A2402,B0702,B1501,C0303,C0702,0,1,0,1,0,1,1,0,0,0.75,0,0.0,0.0,1,0.75
12,50020310,True,False,True,True,True,False,False,False,False,False,False,False,True,False,1,0.75,50020310,A3201,A3301,B3901,B4001,C0304,C1203,0,1,0,1,0,1,1,0,0,0.75,0,0.0,0.0,1,0.75
13,50021810,True,False,True,True,True,True,False,False,False,True,False,False,True,False,2,1.75,50021810,A1101,A3201,B1801,B3502,C0501,C0704,0,1,1,1,0,1,1,1,0,0.75,0,0.0,0.0,2,1.75
14,50022011,True,False,True,True,True,True,False,False,True,True,False,False,True,True,3,2.75,50022011,A0101,A0201,B0702,B4701,C0602,C0702,1,1,1,1,0,1,1,1,0,0.75,1,0.0,0.0,3,2.75
15,50024010,True,False,True,True,True,False,False,False,False,False,False,False,True,False,1,0.75,50024010,A0201,A0201,B1501,B4001,C0304,C0304,0,1,0,1,0,1,1,0,0,0.75,0,0.0,0.0,1,0.75
16,50024610,True,False,True,True,True,False,False,False,False,False,False,False,True,False,1,0.75,50024610,A0101,A6801,B0801,B1518,C0701,C0704,0,1,0,1,0,1,1,0,0,0.75,0,0.0,0.0,1,0.75
17,50025410,True,False,True,True,True,False,False,False,False,False,False,False,True,False,1,0.75,50025410,A0101,A0201,B0801,B4001,C0304,C0701,0,1,0,1,0,1,1,0,0,0.75,0,0.0,0.0,1,0.75
18,50025910,True,True,True,True,True,True,False,False,True,True,True,True,True,True,4,3.75,50025910,A0101,A0201,B1801,B4901,C0501,C0701,1,1,1,1,1,1,1,1,1,0.75,1,0.5,1.0,4,3.75
19,50027911,True,False,True,True,True,True,False,False,False,True,False,False,True,False,2,1.75,50027911,A2301,A2501,B0702,B1801,C0401,C1203,0,1,1,1,0,1,1,1,0,0.75,0,0.0,0.0,2,1.75
20,50029010,True,True,True,True,True,False,False,False,False,False,True,False,True,False,2,1.75,50029010,A0101,A2901,B0801,B1801,C0701,C0701,0,1,0,1,1,1,1,0,1,0.75,0,0.0,1.0,2,1.75
21,50029810,True,True,True,True,True,True,False,False,True,True,True,True,True,True,4,3.75,50029810,A0201,A2601,B3801,B5101,C1203,C1502,1,1,1,1,1,1,1,1,1,0.75,1,0.5,1.0,4,3.75
22,50029910,True,False,True,True,True,True,False,False,False,True,False,False,True,False,2,1.75,50029910,A0101,A2402,B0801,B3508,C0401,C0701,0,1,1,1,0,1,1,1,0,0.75,0,0.0,0.0,2,1.75
23,50031510,True,True,True,True,True,True,False,False,True,True,True,True,True,True,4,3.75,50031510,A0201,A3402,B1401,B4402,C0501,C0802,1,1,1,1,1,1,1,1,1,0.75,1,0.5,1.0,4,3.75
24,50031610,True,True,True,True,True,False,False,False,False,False,True,False,True,False,2,1.75,50031610,A0201,A6801,B0801,B1801,C0701,C0701,0,1,0,1,1,1,1,0,1,0.75,0,0.0,1.0,2,1.75
25,50033110,True,True,True,True,True,True,False,False,True,True,True,True,True,True,4,3.75,50033110,A0201,A0201,B0801,B4402,C0501,C0701,1,1,1,1,1,1,1,1,1,0.75,1,0.5,1.0,4,3.75
26,50034710,True,False,True,False,True,True,False,False,True,True,False,False,True,False,2,1.75,50034710,A0101,A2402,B0801,B5101,C0701,C1502,1,1,1,1,0,1,0,1,0,0.75,0,0.0,0.0,2,1.75
27,50037310,True,False,True,True,True,False,False,False,False,False,False,False,True,False,1,0.75,50037310,A0301,A3101,B0801,B1501,C0304,C0701,0,1,0,1,0,1,1,0,0,0.75,0,0.0,0.0,1,0.75
28,50037410,True,True,True,True,True,False,False,False,False,False,True,False,True,False,2,1.75,50037410,A0201,A0301,B0702,B0801,C0701,C0702,0,1,0,1,1,1,1,0,1,0.75,0,0.0,1.0,2,1.75
29,50040010,True,True,True,True,True,False,False,False,True,False,True,False,True,True,3,2.75,50040010,A0201,A2402,B0702,B1517,C0701,C0702,1,1,0,1,1,1,1,0,1,0.75,1,0.0,1.0,3,2.75
30,50040210,True,True,False,True,True,True,False,False,True,True,True,True,False,True,3,3.0,50040210,A2902,A3002,B1801,B4403,C0501,C1601,1,1,1,1,1,0,1,1,1,0.0,1,0.5,1.0,3,3.0
31,50043110,True,True,True,True,True,True,False,False,False,True,True,True,True,False,3,2.75,50043110,A0101,A1101,B0801,B3501,C0401,C0701,0,1,1,1,1,1,1,1,1,0.75,0,0.5,1.0,3,2.75
32,50043910,True,False,True,True,True,False,False,False,True,False,False,False,True,True,2,1.75,50043910,A0201,A0301,B1501,B4901,C0303,C0701,1,1,0,1,0,1,1,0,0,0.75,1,0.0,0.0,2,1.75
33,50045710,True,True,True,True,True,False,False,False,False,False,True,False,True,False,2,1.75,50045710,A0101,A0101,B0801,B0801,C0701,C0701,0,1,0,1,1,1,1,0,1,0.75,0,0.0,1.0,2,1.75
34,50046210,True,False,True,True,True,False,False,False,False,False,False,False,True,False,1,0.75,50046210,A0101,A3301,B0801,B4001,C0304,C0701,0,1,0,1,0,1,1,0,0,0.75,0,0.0,0.0,1,0.75
35,50047010,True,False,True,True,True,False,False,False,False,False,False,False,True,False,1,0.75,50047010,A0101,A2402,B0801,B0801,C0701,C0701,0,1,0,1,0,1,1,0,0,0.75,0,0.0,0.0,1,0.75
36,50047210,True,True,True,True,True,True,False,False,True,True,True,True,True,True,4,3.75,50047210,A0201,A2902,B4403,B5701,C0602,C1601,1,1,1,1,1,1,1,1,1,0.75,1,0.5,1.0,4,3.75
37,50047410,True,False,True,True,True,True,False,False,True,True,False,False,True,True,3,2.75,50047410,A1101,A2902,B4403,B5701,C0602,C1601,1,1,1,1,0,1,1,1,0,0.75,1,0.0,0.0,3,2.75
38,50048510,True,True,True,True,True,False,False,False,False,False,True,False,True,False,2,1.75,50048510,A0201,A0201,B0801,B4001,C0304,C0701,0,1,0,1,1,1,1,0,1,0.75,0,0.0,1.0,2,1.75
39,50048810,True,False,True,True,True,True,False,False,True,True,False,False,True,True,3,2.75,50048810,A0101,A0301,B0801,B4402,C0501,C0701,1,1,1,1,0,1,1,1,0,0.75,1,0.0,0.0,3,2.75
40,50053010,True,False,True,True,False,True,False,False,False,True,False,False,False,False,1,1.0,50053010,A0301,A6801,B3501,B3503,C0401,C0401,0,0,1,1,0,1,1,1,0,0.0,0,0.0,0.0,1,1.0
41,50053710,True,False,True,True,True,True,False,False,False,True,False,False,True,False,2,1.75,50053710,A0301,A2402,B1801,B3501,C0401,C0701,0,1,1,1,0,1,1,1,0,0.75,0,0.0,0.0,2,1.75
42,50055610,True,False,True,True,True,False,False,False,True,False,False,False,True,True,2,1.75,50055610,A0101,A6801,B0801,B4402,C0701,C0704,1,1,0,1,0,1,1,0,0,0.75,1,0.0,0.0,2,1.75
43,50060710,True,True,True,True,True,True,False,False,True,True,True,True,True,True,4,3.75,50060710,A0201,A1101,B4001,B5101,C0304,C1502,1,1,1,1,1,1,1,1,1,0.75,1,0.5,1.0,4,3.75
44,50063010,True,False,True,True,True,True,False,False,False,True,False,False,True,False,2,1.75,50063010,A0201,A6801,B1501,B4001,C0304,C0401,0,1,1,1,0,1,1,1,0,0.75,0,0.0,0.0,2,1.75
45,50064311,True,False,True,True,True,False,False,False,False,False,False,False,True,False,1,0.75,50064311,A2402,A2402,B3906,B4001,C0304,C0702,0,1,0,1,0,1,1,0,0,0.75,0,0.0,0.0,1,0.75
46,50065910,True,False,True,True,False,True,False,False,True,True,False,False,False,True,2,2.0,50065910,A0201,A2402,B1302,B4402,C0501,C0602,1,0,1,1,0,1,1,1,0,0.0,1,0.0,0.0,2,2.0
47,50066410,True,True,True,True,True,True,False,False,False,True,True,True,True,False,3,2.75,50066410,A0201,A0301,B1501,B3501,C0303,C0401,0,1,1,1,1,1,1,1,1,0.75,0,0.5,1.0,3,2.75
48,50066810,True,True,True,True,True,True,False,False,True,True,True,True,True,True,4,3.75,50066810,A0201,A2501,B1801,B4402,C0501,C1203,1,1,1,1,1,1,1,1,1,0.75,1,0.5,1.0,4,3.75
49,50067111,True,True,True,True,True,False,False,False,False,False,True,False,True,False,2,1.75,50067111,A0101,A0301,B0801,B1402,C0701,C0802,0,1,0,1,1,1,1,0,1,0.75,0,0.0,1.0,2,1.75
