,ebi_name_short,bw4_ba,bw4,c1_ba,c1,c2_ba,c2,bw6_ba,bw6
0,A*01:01,False,True,False,False,False,False,False,False
1,A*02:01,False,True,False,False,False,False,False,False
2,A*02:05,False,True,False,False,False,False,False,False
3,A*03:01,False,True,False,False,False,False,False,False
4,A*03:02,False,True,False,False,False,False,False,False
5,A*11:01,False,True,False,False,False,False,False,False
6,A*23:01,True,True,False,False,False,False,False,False
7,A*24:02,True,True,False,False,False,False,False,False
8,A*25:01,False,True,False,False,False,False,False,False
9,A*26:01,False,True,False,False,False,False,False,False
10,A*29:01,False,True,False,False,False,False,False,False
11,A*29:02,False,True,False,False,False,False,False,False
12,A*30:01,False,True,False,False,False,False,False,False
13,A*30:02,False,True,False,False,False,False,False,False
14,A*31:01,False,True,False,False,False,False,False,False
15,A*32:01,False,True,False,False,False,False,False,False
16,A*33:01,False,True,False,False,False,False,False,False
17,A*33:03,False,True,False,False,False,False,False,False
18,A*66:01,False,True,False,False,False,False,False,False
19,A*68:01,False,True,False,False,False,False,False,False
20,B*07:02,False,False,False,False,False,False,True,True
21,B*08:01,False,False,False,False,False,False,True,True
22,B*13:02,True,True,False,False,False,False,False,False
23,B*14:01,False,False,False,False,False,False,True,True
24,B*14:02,False,False,False,False,False,False,True,True
25,B*15:01,False,False,False,False,False,False,True,True
26,B*15:03,False,False,False,False,False,False,True,True
27,B*18:01,False,False,False,False,False,False,True,True
28,B*27:02,True,True,False,False,False,False,False,False
29,B*27:05,True,True,False,False,False,False,False,False
30,B*35:01,False,False,False,False,False,False,True,True
31,B*35:02,False,False,False,False,False,False,True,True
32,B*35:03,False,False,False,False,False,False,True,True
33,B*37:01,True,True,False,False,False,False,False,False
34,B*38:01,True,True,False,False,False,False,False,False
35,B*39:01,False,False,False,False,False,False,True,True
36,B*39:06,False,False,False,False,False,False,True,True
37,B*40:01,False,False,False,False,False,False,True,True
38,B*40:02,False,False,False,False,False,False,True,True
39,B*41:02,False,False,False,False,False,False,True,True
40,B*44:02,True,True,False,False,False,False,False,False
41,B*44:03,True,True,False,False,False,False,False,False
42,B*44:05,True,True,False,False,False,False,False,False
43,B*45:01,False,False,False,False,False,False,True,True
44,B*47:01,True,True,False,False,False,False,False,False
45,B*49:01,True,True,False,False,False,False,False,False
46,B*51:01,True,True,False,False,False,False,False,False
47,B*51:08,True,True,False,False,False,False,False,False
48,B*52:01,True,True,False,False,False,False,False,False
49,B*55:01,False,False,False,False,False,False,True,True
50,B*56:01,False,False,False,False,False,False,True,True
51,B*57:01,True,True,False,False,False,False,False,False
52,B*57:03,True,True,False,False,False,False,False,False
53,B*58:01,True,True,False,False,False,False,False,False
54,C*01:02,False,False,True,True,False,False,False,True
55,C*02:02,False,False,False,False,True,True,False,False
56,C*03:03,False,False,True,True,False,False,False,True
57,C*03:04,False,False,True,True,False,False,False,True
58,C*04:01,False,False,False,False,True,True,False,False
59,C*05:01,False,False,False,False,True,True,False,False
60,C*06:02,False,False,False,False,True,True,False,False
61,C*07:01,False,False,True,True,False,False,False,True
62,C*07:02,False,False,True,True,False,False,False,True
63,C*07:04,False,False,True,True,False,False,False,True
64,C*08:02,False,False,True,True,False,False,False,True
65,C*12:02,False,False,True,True,False,False,False,True
66,C*12:03,False,False,True,True,False,False,False,True
67,C*14:02,False,False,True,True,False,False,False,True
68,C*15:02,False,False,False,False,True,True,False,False
69,C*15:05,False,False,False,False,True,True,False,False
70,C*16:01,False,False,True,True,False,False,False,True
71,C*16:02,False,False,False,False,True,True,False,False
72,C*17:01,False,False,False,False,True,True,False,False
